{"cameraMode":{"drawMode":0,"name":"Shaded","section":"Shading Mode"},"sceneLighting":true,"audioPlay":false,"sceneViewState":{"showFog":true,"showMaterialUpdate":false,"showSkybox":true,"showFlares":true,"showImageEffects":true,"showParticleSystems":true},"in2DMode":false,"pivot":{"x":-2.062774658203125,"y":0.6984145045280457,"z":-13.524396896362305},"rotation":{"x":-0.10409136861562729,"y":-0.24224753677845,"z":0.025675300508737565,"w":-0.9644646048545837},"size":13.896814346313477,"orthographic":true}