{"cameraMode":{"drawMode":0,"name":"Shaded","section":"Shading Mode"},"sceneLighting":true,"audioPlay":false,"sceneViewState":{"showFog":true,"showMaterialUpdate":false,"showSkybox":true,"showFlares":true,"showImageEffects":true,"showParticleSystems":true},"in2DMode":false,"pivot":{"x":-2.062774658203125,"y":0.6984145045280457,"z":-13.524396896362305},"rotation":{"x":-0.2688227891921997,"y":-0.40542975068092348,"z":0.12493763864040375,"w":-0.8649569153785706},"size":15.170516967773438,"orthographic":true}