{"cameraMode":{"drawMode":0,"name":"Shaded","section":"Shading Mode"},"sceneLighting":false,"audioPlay":false,"sceneViewState":{"showFog":true,"showMaterialUpdate":false,"showSkybox":false,"showFlares":true,"showImageEffects":true,"showParticleSystems":true},"in2DMode":false,"pivot":{"x":-1.4075000286102296,"y":1.0,"z":-12.155500411987305},"rotation":{"x":0.036843664944171908,"y":-0.04763481765985489,"z":0.0018646635580807925,"w":0.9982244968414307},"size":1.6408555507659913,"orthographic":true}