{"cameraMode":{"drawMode":0,"name":"Shaded","section":"Shading Mode"},"sceneLighting":true,"audioPlay":false,"sceneViewState":{"showFog":true,"showMaterialUpdate":false,"showSkybox":true,"showFlares":true,"showImageEffects":true,"showParticleSystems":true},"in2DMode":false,"pivot":{"x":-2.062774658203125,"y":0.6984145045280457,"z":-13.524396896362305},"rotation":{"x":0.1366932988166809,"y":0.16191264986991883,"z":-0.022153830155730249,"w":0.9772288203239441},"size":20.622087478637697,"orthographic":true}